class,name,nickname,category,subcategory,project,project_dir,source,guid,kind,exposure,obsolete,current_icon,icon_holder,object,op,plural,container,glyph_origin,badge_origin,rule,note,icon_id,resource,icon_file,status
SAMMollierCalculateAHU,SAMMollier.CalculateAHU,SAMMollier.CalculateAHU,SAM,Mollier,SAM.Analytical.Grasshopper.Mollier,Grasshopper/SAM.Analytical.Grasshopper.Mollier,Grasshopper/SAM.Analytical.Grasshopper.Mollier/Component/SAMMollierCalculateAHU.cs,6af6f5ad-544c-414c-a543-4bad529f49f1,component,GH_Exposure.primary,False,SAM_Mollier,Resources,ahu,calculate,False,,SAM,SAM,override,,ahu_calculate,SAM_GH_AhuCalculate,svg/ahu_calculate.svg,integrated
SAMMollierCreateAHU,SAMMollier.CreateAHU,SAMMollier.CreateAHU,SAM,Mollier,SAM.Analytical.Grasshopper.Mollier,Grasshopper/SAM.Analytical.Grasshopper.Mollier,Grasshopper/SAM.Analytical.Grasshopper.Mollier/Component/SAMMollierCreateAHU.cs,901de5c5-7c1d-4cc1-acf0-2ad609bdce24,component,GH_Exposure.primary,False,SAM_Mollier,Resources,ahu,create,False,,SAM,SAM,override,assembles an AHU from process chains,ahu_create,SAM_GH_AhuCreate,svg/ahu_create.svg,integrated
SAMMollierAirHandlingUnitCalculationMethod,SAMMollier.AirHandlingUnitCalculationMethod,SAMMollier.AirHandlingUnitCalculationMethod,SAM,Mollier,SAM.Analytical.Grasshopper.Mollier,Grasshopper/SAM.Analytical.Grasshopper.Mollier,Grasshopper/SAM.Analytical.Grasshopper.Mollier/Component/SAMMollierAirHandlingUnitCalculationMethod.cs,80cbaf15-7cad-43da-ba49-be22ed886148,component,,False,SAM_Small,Resources,ahu,value,False,,SAM,SAM,rule,,ahu_value,SAM_GH_AhuValue,svg/ahu_value.svg,integrated
SAMMollierCalculateLoads,SAMMollier.CalculateLoads,SAMMollier.CalculateLoads,SAM,Mollier,SAM.Analytical.Grasshopper.Mollier,Grasshopper/SAM.Analytical.Grasshopper.Mollier,Grasshopper/SAM.Analytical.Grasshopper.Mollier/Component/SAMMollierCalculateLoads.cs,8bf5f832-a140-4963-9bee-83df944f4f23,component,GH_Exposure.primary,False,SAM_Mollier,Resources,heat,calculate,False,,SAM,SAM,override,space loads incl. infiltration,heat_calculate,SAM_GH_HeatCalculate,svg/heat_calculate.svg,integrated
SAMWeatherMollierPoints,SAMWeather.MollierPoints,SAMWeather.MollierPoints,SAM,Mollier,SAM.Analytical.Grasshopper.Mollier,Grasshopper/SAM.Analytical.Grasshopper.Mollier,Grasshopper/SAM.Analytical.Grasshopper.Mollier/Component/SAMMollierWeatherMollierPoints.cs,b80fc9e8-f940-4c53-b0dc-05127cf5941d,component,GH_Exposure.primary,False,SAM_Small,Resources,mollierPoint,get,False,,SAM-BIM ext v1,SAM,override,from weather data,mollierPoint_get,SAM_GH_MollierPointGet,svg/mollierPoint_get.svg,integrated
SAMMollierDryAirMassFlow,SAMMollier.DryAirMassFlow,SAMMollier.DryAirMassFlow,SAM,Mollier,SAM.Core.Grasshopper.Mollier,Grasshopper/SAM.Core.Grasshopper.Mollier,Grasshopper/SAM.Core.Grasshopper.Mollier/Component/SAMMollierDryAirMassFlow.cs,1b091cc3-b3d9-45bd-a3a3-5ababf018c00,component,GH_Exposure.primary,False,SAM_Mollier,Resources,airflow,calculate,False,,SAM,SAM,override,,airflow_calculate,SAM_GH_AirflowCalculate,svg/airflow_calculate.svg,integrated
SAMMollierMassFlowRate,SAMMollier.MassFlowRate,SAMMollier.MassFlowRate,SAM,Mollier,SAM.Core.Grasshopper.Mollier,Grasshopper/SAM.Core.Grasshopper.Mollier,Grasshopper/SAM.Core.Grasshopper.Mollier/Component/SAMMollierMassFlowRate.cs,b93ccff6-ff54-4e7e-ac7a-aab5b863b7a7,component,GH_Exposure.primary,False,SAM_Mollier,Resources,airflow,convert,False,,SAM,SAM,override,volumetric -> mass flow,airflow_convert,SAM_GH_AirflowConvert,svg/airflow_convert.svg,integrated
GooMollierGroupParam,MollierGroup,MollierGroup,Params,SAM,SAM.Core.Grasshopper.Mollier,Grasshopper/SAM.Core.Grasshopper.Mollier,Grasshopper/SAM.Core.Grasshopper.Mollier/Classes/GooMollierGroup.cs,2bc4d547-aa2b-473e-b42e-575722ce8367,param,GH_Exposure.hidden,False,SAM_Small,Resources,group,,False,,SAM,,param:MollierGroup,,group,SAM_GH_Group,svg/group.svg,integrated
SAMMollierCreateMollierGroup,SAMMollier.CreateMollierGroup,SAMMollier.CreateMollierGroup,SAM,Mollier,SAM.Core.Grasshopper.Mollier,Grasshopper/SAM.Core.Grasshopper.Mollier,Grasshopper/SAM.Core.Grasshopper.Mollier/Component/SAMMollierCreateMollierGroup.cs,f5c44450-5d9e-4f7c-8a65-c8be36da7cd2,component,GH_Exposure.primary,False,SAM_Mollier,Resources,group,create,False,,SAM,SAM,override,,group_create,SAM_GH_GroupCreate,svg/group_create.svg,integrated
GooMollierObjectParam,MollierObject,MollierObject,Params,SAM,SAM.Core.Grasshopper.Mollier,Grasshopper/SAM.Core.Grasshopper.Mollier,Grasshopper/SAM.Core.Grasshopper.Mollier/Classes/GooMollierObject.cs,598315c1-c756-4bbb-b66e-c6640e56ff99,param,,False,SAM_Small,Resources,mollierChart,,False,,SAM-BIM ext v1,,param:MollierObject,,mollierChart,SAM_GH_MollierChart,svg/mollierChart.svg,integrated
SAMMollierSpecificHeat,SAMMollier.SpecificHeat,SAMMollier.SpecificHeat,SAM,Mollier,SAM.Core.Grasshopper.Mollier,Grasshopper/SAM.Core.Grasshopper.Mollier,Grasshopper/SAM.Core.Grasshopper.Mollier/Component/SAMMollierSpecificHeat.cs,0de90958-6646-4345-a9da-86f00852724e,component,GH_Exposure.primary,False,SAM_Mollier,Resources,mollierPoint,calculate,False,,SAM-BIM ext v1,SAM,override,property of an air state,mollierPoint_calculate,SAM_GH_MollierPointCalculate,svg/mollierPoint_calculate.svg,integrated
SAMMollierMollierPointProperty,SAMMollier.MollierPointProperty,SAMMollier.MollierPointProperty,SAM,Mollier,SAM.Core.Grasshopper.Mollier,Grasshopper/SAM.Core.Grasshopper.Mollier,Grasshopper/SAM.Core.Grasshopper.Mollier/Component/SAMMollierMollierPointProperty.cs,254fa1da-f390-4fe3-b3d1-c4fbeb830280,component,,False,SAM_Small,Resources,mollierPoint,value,False,,SAM-BIM ext v1,SAM,rule,,mollierPoint_value,SAM_GH_MollierPointValue,svg/mollierPoint_value.svg,integrated
SAMMollierMoistureGainsMassFlow,SAMMollier.MoistureGainsMassFlow,SAMMollier.Ẇ,SAM,Mollier,SAM.Core.Grasshopper.Mollier,Grasshopper/SAM.Core.Grasshopper.Mollier,Grasshopper/SAM.Core.Grasshopper.Mollier/Component/SAMMollierMoistureGainsMassFlow.cs,edd284f2-fd81-43e9-8291-cc2e5a1c5dba,component,GH_Exposure.primary,False,SAM_Mollier,Resources,processHumidification,calculate,False,,SAM-BIM ext v1,SAM,override,moisture gains mass flow,processHumidification_calculate,SAM_GH_ProcessHumidificationCalculate,svg/processHumidification_calculate.svg,integrated
SAMMollierEpsilon,SAMMollier.Epsilon,SAMMollier.Epsilon,SAM,Mollier,SAM.Core.Grasshopper.Mollier,Grasshopper/SAM.Core.Grasshopper.Mollier,Grasshopper/SAM.Core.Grasshopper.Mollier/Component/SAMMollierEpsilon.cs,0d75a767-db20-4ab5-9d89-cf4a809667a4,component,GH_Exposure.primary,False,SAM_Mollier,Resources,processRoom,calculate,False,,SAM-BIM ext v1,SAM,override,room-process slope,processRoom_calculate,SAM_GH_ProcessRoomCalculate,svg/processRoom_calculate.svg,integrated
SAMMollierEpsilonBySensibleAndLatentLoad,SAMMollier.EpsilonBySensibleAndLatentLoad,SAMMollier.EpsilonBySensibleAndLatentLoad,SAM,Mollier,SAM.Core.Grasshopper.Mollier,Grasshopper/SAM.Core.Grasshopper.Mollier,Grasshopper/SAM.Core.Grasshopper.Mollier/Component/SAMMollierEpsilonBySensibleAndLatentLoad.cs,7be01fa4-a657-4461-a083-fb7f9a0b1e7f,component,GH_Exposure.primary,False,SAM_Mollier,Resources,processRoom,calculate,False,,SAM-BIM ext v1,SAM,override,,processRoom_calculate,SAM_GH_ProcessRoomCalculate,svg/processRoom_calculate.svg,integrated
SAMMollierEpsilonBySteamTemperature,SAMMollier.EpsilonBySteamTemperature,SAMMollier.EpsilonBySteamTemperature,SAM,Mollier,SAM.Core.Grasshopper.Mollier,Grasshopper/SAM.Core.Grasshopper.Mollier,Grasshopper/SAM.Core.Grasshopper.Mollier/Component/SAMMollierEpsilonBySteamTemperature.cs,f0352620-123c-4546-a1f9-fddc804a2de2,component,GH_Exposure.primary,False,SAM_Mollier,Resources,processRoom,calculate,False,,SAM-BIM ext v1,SAM,override,,processRoom_calculate,SAM_GH_ProcessRoomCalculate,svg/processRoom_calculate.svg,integrated
SAMMollierEpsilonByWaterTemperature,SAMMollier.EpsilonByWaterTemperature,SAMMollier.EpsilonByWaterTemperature,SAM,Mollier,SAM.Core.Grasshopper.Mollier,Grasshopper/SAM.Core.Grasshopper.Mollier,Grasshopper/SAM.Core.Grasshopper.Mollier/Component/SAMMollierEpsilonByWaterTemperature.cs,56ff0a78-64a2-40dd-a19a-89e5da986ff9,component,GH_Exposure.primary,False,SAM_Mollier,Resources,processRoom,calculate,False,,SAM-BIM ext v1,SAM,override,,processRoom_calculate,SAM_GH_ProcessRoomCalculate,svg/processRoom_calculate.svg,integrated
SAMMollierDryBulbTemperature,SAMMollier.DryBulbTemperature,SAMMollier.DryBulbTemperature,SAM,Mollier,SAM.Core.Grasshopper.Mollier,Grasshopper/SAM.Core.Grasshopper.Mollier,Grasshopper/SAM.Core.Grasshopper.Mollier/Component/SAMMollierDryBulbTemperature.cs,89d822cf-698b-4563-941c-514b5fc3e5d0,component,GH_Exposure.hidden,False,SAM_Mollier,Resources,thermometer,calculate,False,,SAM,SAM,override,,thermometer_calculate,SAM_GH_ThermometerCalculate,svg/thermometer_calculate.svg,integrated
SAMMollierDryBulbTemperatureByBypassFactor,SAMMollier.DryBulbTemperatureByBypassFactor,SAMMollier.DryBulbTemperatureByBypassFactor,SAM,Mollier,SAM.Core.Grasshopper.Mollier,Grasshopper/SAM.Core.Grasshopper.Mollier,Grasshopper/SAM.Core.Grasshopper.Mollier/Component/SAMMollierDryBulbTemperatureByBypassFactor.cs,2e116be1-e316-48d4-bd8c-d42d65b73b5b,component,GH_Exposure.primary,False,SAM_Mollier,Resources,thermometer,calculate,False,,SAM,SAM,override,,thermometer_calculate,SAM_GH_ThermometerCalculate,svg/thermometer_calculate.svg,integrated
SAMMollierDiagramTemperature,SAMMollier.DiagramTemperature,SAMMollier.DiagramTemperature,SAM,Mollier,SAM.Core.Grasshopper.Mollier,Grasshopper/SAM.Core.Grasshopper.Mollier,Grasshopper/SAM.Core.Grasshopper.Mollier/Component/SAMMollierDiagramTemperature.cs,a027225d-557c-4e8a-92f3-deaf262bc06c,component,GH_Exposure.primary,False,SAM_Mollier,Resources,thermometer,convert,False,,SAM,SAM,override,dry-bulb -> diagram temperature,thermometer_convert,SAM_GH_ThermometerConvert,svg/thermometer_convert.svg,integrated
SAMMollierDryAirMassFlowByMollierPoint,SAMMollier.DryAirMassFlowByMollierPoint,SAMMollier.DryAirMassFlowByMollierPoint,SAM,Mollier,SAM.Geometry.Grasshopper.Mollier,Grasshopper/SAM.Geometry.Grasshopper.Mollier,Grasshopper/SAM.Geometry.Grasshopper.Mollier/Component/SAMMollierDryAirMassFlowByMollierPoint.cs,c90598ed-3f3b-4d26-bb1e-93258a3bad95,component,GH_Exposure.primary,False,SAM_Mollier,Resources,airflow,calculate,False,,SAM,SAM,override,,airflow_calculate,SAM_GH_AirflowCalculate,svg/airflow_calculate.svg,integrated
SAMMollierPsychrometrics,SAMMollier.Psychrometrics,SAMMollier.Psychrometrics,SAM,Mollier,SAM.Geometry.Grasshopper.Mollier,Grasshopper/SAM.Geometry.Grasshopper.Mollier,Grasshopper/SAM.Geometry.Grasshopper.Mollier/Component/SAMMollierPsychrometrics.cs,9617a5cf-dff2-4c64-8721-85452dc0e820,component,GH_Exposure.primary,False,SAM_Mollier,Resources,mollierChart,calculate,False,,SAM-BIM ext v1,SAM,override,all psychrometric properties,mollierChart_calculate,SAM_GH_MollierChartCalculate,svg/mollierChart_calculate.svg,integrated
GooMollierPointParam,MollierPoint,MollierPoint,Params,SAM,SAM.Geometry.Grasshopper.Mollier,Grasshopper/SAM.Geometry.Grasshopper.Mollier,Grasshopper/SAM.Geometry.Grasshopper.Mollier/Classes/GooMollierPoint.cs,0dbb3c67-374c-4534-b1c1-83d825566bc1,param,,False,SAM_Small,Resources,mollierPoint,,False,,SAM-BIM ext v1,,param:MollierPoint,,mollierPoint,SAM_GH_MollierPoint,svg/mollierPoint.svg,integrated
SAMMollierMollierPointsByPercentage,SAMMollier.MollierPointsByPercentage,SAMMollier.MollierPointsByPercentage,SAM,Mollier,SAM.Geometry.Grasshopper.Mollier,Grasshopper/SAM.Geometry.Grasshopper.Mollier,Grasshopper/SAM.Geometry.Grasshopper.Mollier/Component/SAMMollierMollierPointsByPercentage.cs,0789f03f-dc02-4849-a684-9e97cd694aa4,component,GH_Exposure.primary,False,SAM_Mollier,Resources,mollierPoint,filter,False,,SAM-BIM ext v1,SAM,override,,mollierPoint_filter,SAM_GH_MollierPointFilter,svg/mollierPoint_filter.svg,integrated
GooMollierProcessParam,MollierProcess,MollierProcess,Params,SAM,SAM.Geometry.Grasshopper.Mollier,Grasshopper/SAM.Geometry.Grasshopper.Mollier,Grasshopper/SAM.Geometry.Grasshopper.Mollier/Classes/GooMollierProcess.cs,0e6f78f4-71ed-490d-891e-dcf36bd09771,param,,False,SAM_Small,Resources,mollierProcess,,False,,SAM-BIM ext v1,,param:MollierProcess,,mollierProcess,SAM_GH_MollierProcess,svg/mollierProcess.svg,integrated
SAMMollierLoadByProcess,SAMMollier.LoadByProcess,SAMMollier.LoadByProcess,SAM,Mollier,SAM.Geometry.Grasshopper.Mollier,Grasshopper/SAM.Geometry.Grasshopper.Mollier,Grasshopper/SAM.Geometry.Grasshopper.Mollier/Component/SAMMollierLoadByProcess.cs,4dfc2d51-cc75-4e77-a95e-06092b622ab0,component,GH_Exposure.primary,False,SAM_Mollier,Resources,mollierProcess,calculate,False,,SAM-BIM ext v1,SAM,override,sensible/latent/total load of a process,mollierProcess_calculate,SAM_GH_MollierProcessCalculate,svg/mollierProcess_calculate.svg,integrated
SAMMollierApparatusDewPoint,SAMMollier.ApparatusDewPoint,SAMMollier.ApparatusDewPoint,SAM,Mollier,SAM.Geometry.Grasshopper.Mollier,Grasshopper/SAM.Geometry.Grasshopper.Mollier,Grasshopper/SAM.Geometry.Grasshopper.Mollier/Component/SAMMollierApparatusDewPoint.cs,28bba6a2-41f3-4912-a438-a3a8e3dfe969,component,GH_Exposure.primary,False,SAM_Mollier,Resources,processCooling,calculate,False,,SAM-BIM ext v1,SAM,override,ADP of a cooling coil,processCooling_calculate,SAM_GH_ProcessCoolingCalculate,svg/processCooling_calculate.svg,integrated
SAMMollierHourlyValues,SAMMollier.HourlyValues,SAMMollier.HourlyValues,SAM,Mollier,SAM.Geometry.Grasshopper.Mollier,Grasshopper/SAM.Geometry.Grasshopper.Mollier,Grasshopper/SAM.Geometry.Grasshopper.Mollier/Component/SAMMollierHourlyValues.cs,331e89c1-a787-4694-b732-5e8cbba07256,component,GH_Exposure.primary,False,SAM_Mollier,Resources,weatherData,get,True,,SAM,SAM,override,,weatherData_plural_get,SAM_GH_WeatherDataPluralGet,svg/weatherData_plural_get.svg,integrated
